customer_id,name,email,city,country,signup_date
1,Allison Hill,donaldgarcia@example.net,New Roberttown,BW,2024-12-03
2,Lance Hoffman,lrobinson@example.com,Port Lindachester,LV,2025-01-18
3,Tyler Rogers,jamesmichael@example.com,Lindsaymouth,SO,2024-09-21
4,Jamie Arnold,barbara10@example.net,Port Keith,BR,2026-04-12
5,Brian Ramirez,francisco53@example.net,Jacquelineland,UZ,2025-10-23
6,Nicholas Martin,onelson@example.net,Lake Mark,BG,2024-12-11
7,Renee Morales,clarksherri@example.net,Jasonfort,MY,2026-05-05
8,Judy Baker,julieryan@example.net,Hurstfurt,ML,2024-12-04
9,Brenda Snyder PhD,hernandezernest@example.net,Carlsonfurt,MU,2025-09-22
10,Kendra Maddox DVM,frazierdanny@example.net,Kaylamouth,CG,2025-01-30
11,Jesse Mckay,teresa28@example.org,Meaganhaven,UZ,2024-11-18
12,Phillip Ryan,georgetracy@example.org,Natashaport,GY,2024-07-31
13,Keith Miller,wcabrera@example.net,East Donna,SY,2024-10-23
14,Shane Henderson,sarahcampos@example.net,Lake Larry,SV,2025-11-03
15,Steven Hayes,jeffreymorgan@example.net,New Jeffrey,BN,2025-12-18
16,Crystal Whitehead,chad34@example.net,Lewisberg,RS,2026-06-13
17,Laura Sanchez,maguirre@example.org,Lake Ryanchester,NG,2025-06-14
18,Amy Valdez,brownjessica@example.org,East James,PE,2024-10-03
19,Donald Wright,ramosmichelle@example.net,North Deniseside,AL,2024-08-28
20,Sarah Martin,zolson@example.org,South Aaron,MW,2025-01-08
21,Rachel Mitchell,smoore@example.org,New Jillton,AE,2025-02-15
22,Kevin Shaw,brianromero@example.org,New Carlosbury,NA,2024-09-18
23,Laura Riley,harveyrobert@example.net,Sarahborough,SV,2025-12-25
24,Derek Anderson,stephen10@example.com,North Amandahaven,IN,2024-09-27
25,Shirley Suarez,justin78@example.net,Cherylhaven,AG,2025-11-17
26,Elizabeth Alvarado,josephpreston@example.net,West Juan,GE,2025-12-26
27,Michael Farrell,dking@example.org,Calderonton,AD,2025-03-03
28,Mandy Green,barnold@example.net,North Charlesberg,ST,2024-07-14
29,Lauren Hernandez,bobbydiaz@example.org,Jasonbury,TL,2024-09-04
30,Justin Baxter,sarayoung@example.org,South Angel,LK,2026-06-05
31,Timothy Pham,josephcobb@example.org,Brennanfort,GN,2024-11-19
32,Julia Torres,jeffreykeller@example.com,Joshualand,IT,2025-03-16
33,Jennifer Zavala,sheila14@example.org,Benjaminchester,LY,2026-01-03
34,Jessica Joyce,cruzbarbara@example.com,Lake Ryanhaven,SO,2025-12-02
35,Natalie Lambert,ryan59@example.com,Lake Rachelhaven,KR,2025-11-16
36,James Phillips,jamesortega@example.com,New Ashley,NA,2025-08-16
37,Elizabeth Clark,steven73@example.net,Leonburgh,KM,2024-08-21
38,Matthew Harvey,cardenaskaren@example.net,Jeffreyborough,CY,2024-07-05
39,William Carr,gibsonolivia@example.net,Lake Heather,SA,2025-04-23
40,Matthew Smith,osbornejeffery@example.net,Williamsbury,CM,2025-06-06
41,John Schmidt,stephanie79@example.net,Rivasside,PE,2026-05-14
42,Scott Cole,maryramirez@example.net,Simsview,OM,2024-08-16
43,Cynthia Rogers,taylorjesse@example.net,Lake Jason,NI,2025-04-29
44,John Brown,xprice@example.net,Port Nicoleshire,MU,2025-06-22
45,Guy Molina,vmedina@example.net,South Jeffrey,NZ,2025-06-29
46,George Shelton,dramsey@example.org,South Brittanytown,BS,2025-10-29
47,Sean White,nicholas37@example.com,Kathleenfurt,IT,2026-01-22
48,Jennifer Conley,ismith@example.org,Jeffreyland,CF,2024-07-18
49,Tiffany Gonzalez,howelljohn@example.com,New Staciemouth,ME,2025-01-02
50,Carol Lawson,stricklandfrank@example.com,New Anthonyport,TR,2025-11-25
51,Jaime David,charlesvaughn@example.net,North Heidi,KI,2026-04-08
52,Renee Hogan,reedross@example.com,New Deborahtown,NL,2026-03-17
53,Jeffrey Cox PhD,bzimmerman@example.org,Christinaside,RO,2025-06-13
54,Nicholas Adams,mariahmiller@example.com,Port Steven,VA,2025-11-17
55,Allen Rosales,tonykelly@example.com,Joshuaview,TH,2024-06-24
56,Cheryl Allen,wfreeman@example.org,Brewerfort,PE,2026-02-22
57,Edward Sullivan,kevinperkins@example.com,Ronaldside,LS,2025-03-17
58,Denise King,griffithleslie@example.net,East Javier,RO,2025-01-17
59,Vanessa Warren,tina34@example.org,Harrytown,KN,2025-08-05
60,Angel Brown,heidi27@example.org,New Justinfort,OM,2025-03-08
61,Anthony Everett,ewilson@example.com,Joneston,CZ,2024-10-10
62,Tiffany Miller,davidduran@example.net,Port Alexandra,PG,2026-05-23
63,Scott Branch,ashley09@example.net,Port Jaredborough,IN,2025-11-11
64,David Arnold,aaronhayes@example.net,Carterbury,JO,2025-12-18
65,Scott Jones,sandrafrench@example.net,South Danny,GR,2025-11-02
66,Derek Thomas,martinkyle@example.net,Scottmouth,FM,2025-02-08
67,Terri Mason,mkim@example.org,Navarroview,AR,2024-08-26
68,Michael Valencia,keyemily@example.com,Port Katelynfort,SI,2025-11-05
69,Donald Shea,fwalters@example.org,Baileymouth,LI,2025-11-19
70,Christopher Jenkins,zroberts@example.net,South Christopherview,LI,2024-09-15
71,Jennifer Robertson,sandovalamy@example.com,East Aprilfort,YE,2025-05-26
72,Christina Dunn,samuel71@example.org,Lake Eric,TG,2024-06-27
73,Anna Gay,murraydavid@example.org,Cantuport,SE,2025-12-16
74,Ruben Baird,stephenthomas@example.org,Port Chad,NI,2025-03-07
75,Katie Hoover,jessica99@example.net,Grimesmouth,SO,2025-06-28
76,Juan Daniels,mcantu@example.net,New Patrick,NG,2024-07-20
77,John Mcintyre,qhughes@example.net,South Tammie,CN,2025-07-12
78,Evelyn Garcia,dgarcia@example.org,South Monica,DE,2024-08-14
79,Wayne Morgan,vsantos@example.net,Finleyfort,SR,2024-07-14
80,Cynthia Cohen,wendy16@example.org,South Garrettport,AT,2024-07-22
81,Anthony Howard,hthomas@example.com,East Gregory,VA,2026-04-24
82,Michael Jimenez,jesselittle@example.com,Elizabethmouth,JO,2025-11-25
83,Angela Landry,danielle64@example.com,Jamesfurt,RO,2024-09-07
84,Kenneth Andrews,andrew64@example.org,New Julieport,GT,2025-10-01
85,Colleen Lee,erica21@example.net,West Kristinaton,TT,2025-03-27
86,Ann Phillips,ithompson@example.net,Alyssaview,DM,2025-01-02
87,Terry Coffey,julie51@example.com,East Karenbury,GD,2025-12-31
88,Jennifer Singleton,christopher60@example.com,South Miguelview,TV,2025-04-08
89,Teresa Rodriguez,thomasharvey@example.net,Rosebury,KH,2024-08-05
90,Julie Haynes,cwilson@example.org,Wendyville,BY,2024-12-16
91,Brandy Chavez,umatthews@example.org,Penafort,VE,2025-04-29
92,Diana Vaughn,scottsampson@example.com,Lake Michaelstad,BH,2025-04-22
93,Walter Rush,ndavis@example.net,North Kristinbury,CN,2026-02-18
94,Andrea Hubbard,brendali@example.org,Kimtown,IS,2026-04-14
95,Dr. Kimberly Lindsey,guerreroanthony@example.org,Kristybury,TZ,2025-02-23
96,Derek Martinez,vfox@example.org,Weststad,SG,2025-09-21
97,Jonathan Dougherty,acostaregina@example.net,Stephentown,BH,2025-06-24
98,Jessica Rodriguez,fjones@example.com,North David,VU,2025-10-21
99,Michelle James,shawn96@example.org,Port Dianaside,WS,2026-04-20
100,Jesse Perez,maria66@example.net,West Ronaldview,MR,2024-10-13
101,Kara Davis,daviscolin@example.net,Lisaside,BH,2025-09-15
102,Kristina Santiago,qgomez@example.com,West Carolinestad,CA,2025-09-08
103,Brittney Olson,bellangela@example.org,Audreychester,TJ,2026-02-03
104,Lisa Day,lynchdiane@example.net,Anthonyview,ME,2026-01-30
105,Gerald Smith,ashleymorales@example.org,North Julieborough,MT,2025-05-09
106,Christopher Collins,kimberly99@example.org,East Ericton,GQ,2024-08-19
107,Matthew Tucker,nperry@example.net,West Russellport,GD,2025-11-25
108,Kelsey Parker,randallgreene@example.org,West Sierra,CU,2026-01-31
109,Garrett Smith,ythompson@example.net,New Angelica,SV,2026-03-05
110,James Harmon,esmith@example.com,Berrychester,JP,2024-09-14
111,Vincent Jackson,xcollier@example.org,Richardbury,NZ,2025-09-17
112,Blake Harrell,jeffrey21@example.net,New Williamstad,MG,2026-01-02
113,Maria Hernandez,thomasjames@example.net,Port Katherine,BO,2024-11-01
114,Lori Marshall,kmaldonado@example.net,Michellemouth,CZ,2025-05-24
115,Jeremy Turner,brittany58@example.org,Steventon,BG,2025-03-30
116,Angela Lin,gilbertwilliam@example.com,South Reginashire,CF,2024-11-10
117,John Hernandez,hayeslisa@example.com,New Debbieton,HU,2025-12-18
118,Jeffrey Mills,michaelhardin@example.com,Schroederton,ZM,2025-11-01
119,Gary Grant,umitchell@example.net,West Christopher,HR,2024-10-04
120,Emily Douglas,tanderson@example.org,Angelicamouth,CN,2025-11-19
121,Theresa Osborn,lucasrodney@example.com,West Kyleborough,LV,2026-02-02
122,Mr. Chad Jones,romeroamber@example.net,Lake Matthewberg,UG,2025-04-05
123,Christopher Schwartz,jenniferwilliams@example.com,South Cheryl,GB,2026-01-19
124,Cynthia Allen,mmckee@example.com,Murrayport,MU,2025-07-12
125,Tracy Montoya,moniquewilliams@example.com,Angelaville,LC,2026-04-05
126,Belinda Miller,joshuawhitehead@example.org,Davisbury,PG,2026-05-05
127,Alexander Brown,joe15@example.org,West Sarahmouth,CY,2024-10-01
128,Thomas Kennedy,katherineharrison@example.net,North Andrewborough,CZ,2025-08-17
129,Lisa Henderson,john10@example.org,Fowlermouth,BI,2024-09-11
130,Kathryn Herrera,jennifercarter@example.org,Johnchester,ER,2025-11-15
131,Kelly Ward,myerstheodore@example.net,Zavalaview,AE,2024-06-29
132,Austin Allen,ingramjill@example.com,North Michael,LU,2026-03-10
133,Sandra Cohen,zwelch@example.org,Lake Kimberlymouth,AZ,2025-01-30
134,Rick Blackwell,sarah86@example.net,Kingborough,JO,2025-03-21
135,Amber Rios,david56@example.com,Klinefurt,LU,2024-11-09
136,Jonathan Glass MD,acostachristian@example.net,New Kelly,CA,2024-08-18
137,Edward Griffin,cjackson@example.com,Williamsstad,VE,2025-05-20
138,William Gould,lambertrichard@example.net,North Douglas,UZ,2025-11-25
139,Amanda Jones,michael90@example.net,Lake Shannon,MN,2025-04-01
140,Billy Taylor,raymond43@example.org,Lake Jacobhaven,MW,2026-05-27
141,Deborah Green,nlewis@example.com,Gonzalezberg,BN,2025-06-03
142,Micheal Osborn,elizabeth18@example.net,Patriciaburgh,LC,2025-12-20
143,Marcia Leon,davidharris@example.org,Port Troy,ML,2025-08-21
144,Julie Bird,cherylmiller@example.com,Keyfort,SL,2025-05-02
145,Samantha Jones,dawn77@example.net,Davidside,DZ,2025-09-16
146,Vincent Reynolds,guerraapril@example.com,East Marcus,KN,2024-12-09
147,Todd Jacobson,kingcynthia@example.net,Davidport,VE,2025-08-05
148,Martin Vargas,georgeweber@example.net,Meganshire,BB,2026-03-19
149,Angela Fry,debra96@example.net,South Pamelaside,JP,2025-10-28
150,Karen Ballard,eevans@example.net,East Scottfort,PL,2024-11-22
151,Charles Hensley,jessica56@example.org,Zacharyville,LB,2024-12-21
152,Derek Wright,williamssonia@example.net,Wrightburgh,LR,2026-06-12
153,Emily Hines,dferrell@example.com,Tylerland,MX,2025-07-14
154,David Aguilar,williamstroy@example.net,Mitchelltown,CD,2025-05-17
155,Dennis Diaz,zdiaz@example.org,West Angela,BN,2025-04-13
156,Pamela Ramirez,andersoncolin@example.com,Angelastad,TW,2024-10-07
157,Jordan Porter,williamsjennifer@example.com,Hernandezhaven,CU,2025-02-26
158,Emily Long,brittney88@example.net,Ericksonport,PY,2026-03-12
159,Gary Rodriguez,ysilva@example.net,New Thomasshire,TR,2024-12-10
160,Lauren Jackson,rhernandez@example.org,New Stacyville,ET,2024-07-01
161,Jason Gutierrez,roberthampton@example.com,Lake Devinborough,TJ,2025-02-24
162,Mrs. Jamie Frye DDS,amy49@example.com,East Joshua,KG,2024-12-08
163,Vickie Wise,hannahburns@example.com,Annview,JO,2024-09-19
164,Kimberly Huang,xcardenas@example.org,Bobbyland,LY,2026-06-04
165,David Mendoza,marianelson@example.net,Derrickshire,GY,2024-12-22
166,Taylor Perez,briangutierrez@example.net,Garciaberg,AF,2025-08-18
167,Brooke Delgado,mwoods@example.com,Justinton,BT,2025-11-05
168,Kimberly Sharp,gentrygregory@example.org,Port Randyfort,ER,2026-06-14
169,Shelia Roberts,smithashley@example.org,Justinside,SL,2025-07-05
170,Brandi Gordon,james15@example.org,Wongburgh,AL,2026-01-10
171,Edward Craig,gregorychase@example.com,Robertsonland,MZ,2025-11-18
172,William Woods,adamreyes@example.com,Stephanieport,TV,2025-12-30
173,Deborah Ward,bryanwilson@example.com,South Gina,MA,2026-02-04
174,Bruce Hendricks,michael33@example.org,Hernandezstad,NI,2025-12-14
175,Kaitlin Medina,kathleenbecker@example.net,New Seanstad,BO,2026-05-30
176,Amy Kelley,ashleyhernandez@example.com,Wilsonborough,VC,2025-09-12
177,Steven Griffin Jr.,williambryant@example.org,Chambersport,RS,2024-07-03
178,Robert Reese,williamsmelvin@example.org,North Valeriefort,AU,2025-01-25
179,Randy Cannon,ybrooks@example.com,Bennettside,CR,2025-11-06
180,Barbara Haney,urice@example.org,Port Andrewport,PL,2025-11-22
181,Jessica Gray,johnreed@example.com,Lake Kathy,AU,2026-03-07
182,Lisa Mayer,allencarlos@example.net,South Carlaton,HN,2026-01-13
183,Jeffrey Fernandez,taylorvictoria@example.org,Barbaramouth,GW,2025-02-06
184,Victoria Boyd,dturner@example.net,Lake Erika,TH,2025-07-06
185,Gregory Schneider,ufloyd@example.net,Russellport,MT,2024-11-06
186,Kara Atkinson,meredith27@example.org,Faulknerside,SM,2024-09-29
187,David Rivera,nielsenmelanie@example.org,North Joseph,GQ,2025-09-29
188,Shelly Lopez,timothybooth@example.com,Susantown,GH,2026-06-14
189,Patrick Burgess,srocha@example.net,South Rose,TG,2025-02-21
190,Jamie Ferguson,kyle58@example.com,Garciafort,PS,2026-03-31
191,Dale Edwards,hartjeffrey@example.org,West Angelashire,TT,2025-12-28
192,Christian Rivera,phudson@example.com,Jonathanfort,RS,2025-10-28
193,Julia Oconnor,gary87@example.org,New Arthurland,SV,2024-07-24
194,Jennifer Kirby,carloshernandez@example.org,Brooksfort,KM,2025-06-30
195,Joseph Jenkins,morenojoshua@example.com,New Lisachester,EE,2024-09-08
196,Kelly Allen,lisa46@example.org,Susanmouth,TM,2024-12-22
197,Courtney Sutton DVM,davisnicholas@example.net,Browntown,ME,2024-10-28
198,Ryan Newman,ariel18@example.org,East Rachel,MD,2026-05-07
199,Denise Glass,rachel90@example.org,Alexisborough,TZ,2024-10-06
200,Michelle Sanders,evansanne@example.net,Rhodesside,LS,2025-04-11
201,Brenda Hinton,masonterri@example.org,South Jesseland,LV,2025-09-30
202,Tina Sanders,anthony47@example.com,West Angela,MT,2025-05-18
203,Kevin James,lauren11@example.com,South Jennifer,ZW,2024-10-14
204,Emily Rodriguez,hahnsean@example.com,East Christopherchester,PE,2025-08-23
205,Jennifer Johnson,angela99@example.com,Smithchester,MW,2026-02-12
206,Steven Stein,ashleyjackson@example.com,East Joseph,IQ,2025-07-05
207,Christopher Hill,todd15@example.com,Lake Colleen,UG,2025-10-08
208,Brian Torres,ncook@example.com,Scottchester,CF,2025-09-21
209,Frank Valentine,timothythompson@example.com,Kellyfort,TR,2026-02-14
210,James Velasquez,kdiaz@example.org,Lake Katrina,AR,2026-01-02
211,Michael Gonzales,marie16@example.net,Taylorport,GY,2024-12-30
212,Michelle Mccormick,colecarla@example.net,Fergusonchester,ST,2024-07-15
213,Heather Woodard,rodriguezjohn@example.net,Gabrielton,TM,2025-10-31
214,Jennifer Goodwin,grodriguez@example.com,New Julie,TH,2025-09-10
215,Connie Brooks,lbarton@example.net,West Whitney,RO,2024-09-06
216,Thomas Miller,michaelcooper@example.org,Baileyville,OM,2025-12-29
217,Emma Evans,johnsonmatthew@example.org,Lake John,EC,2025-08-19
218,Justin Mullen,laurensoto@example.org,Fosterborough,PG,2025-09-19
219,Aaron Lewis,karen19@example.org,West Mark,PK,2024-09-13
220,Scott Rose,candice96@example.net,West Michaelmouth,VN,2024-10-29
221,Michele Evans,powerslawrence@example.org,Darylstad,MD,2024-10-04
222,Jennifer Taylor,fhenderson@example.net,New Garrett,JO,2024-10-03
223,Ryan Harvey,stephanie72@example.org,Maynardhaven,TD,2025-07-06
224,John Mckinney,fburns@example.net,Port Kathleenport,AU,2025-01-16
225,Dylan Norman,hdunn@example.net,West Kimberlystad,SR,2026-03-17
226,Olivia Alexander,veronicagarcia@example.net,West Nancy,AU,2025-06-01
227,Scott Miller,rowejoel@example.net,Michellechester,DM,2025-10-08
228,Daniel Clark,hudsonamanda@example.net,West Tiffany,JP,2025-01-27
229,Tiffany Robertson,taylorkaren@example.com,West Michelleberg,ME,2026-04-20
230,Charles Morris,kathleenlowe@example.com,New Cynthia,YE,2025-05-04
231,Bernard Norton,powellkara@example.net,Shawnfort,LR,2025-09-12
232,Raymond Oconnor,sreid@example.com,Port Amandaborough,NP,2026-03-19
233,Derrick Clayton,amy29@example.com,Patriciaton,BD,2024-09-02
234,Sara Smith,scottsmith@example.com,Lake Regina,CF,2025-02-06
235,Timothy Hill,john52@example.org,Garrettbury,NP,2025-11-08
236,Brandon Lewis,andersonjeremy@example.net,Smithmouth,CL,2026-04-16
237,Carlos Jones,zdavis@example.org,West Michaelport,CU,2025-04-10
238,Nicole Anderson,caseyelliott@example.net,South Michael,GH,2025-10-17
239,Tamara Jensen,fheath@example.org,Port David,ZA,2025-04-11
240,Jeffrey Moody,joshuamiller@example.net,Kimberlytown,KM,2026-04-28
241,Joseph Hicks,dphillips@example.org,Cruzbury,SB,2025-10-25
242,Kelsey Levine,sarah26@example.net,Diazburgh,PW,2026-02-05
243,Kevin Smith,billbrown@example.com,Courtneyhaven,NI,2025-05-12
244,Angela Herrera,joshuacollins@example.net,Port Eric,LR,2025-04-16
245,Pamela Santos,collinssamuel@example.org,East Christopherchester,CI,2025-06-04
246,Amy Wade,davidzimmerman@example.net,East Tylerstad,SK,2025-07-23
247,Michelle Jackson,karamarks@example.net,Port Rachelmouth,NP,2025-01-14
248,Deborah Proctor,crawfordwilliam@example.org,Villarrealburgh,MN,2024-10-17
249,Brian Berry,perezwilliam@example.org,East Brandonstad,MV,2026-06-01
250,Timothy Mathews,pwalker@example.com,Josephland,TO,2025-04-02
251,Michael Williams,lindajarvis@example.com,South Michelleport,LR,2024-08-23
252,Aimee Gonzalez,jodi37@example.com,Cuevasborough,ES,2026-05-17
253,Rebecca Hernandez,ijohnson@example.com,West Aaronfurt,LK,2026-01-02
254,Daniel Bird,dvasquez@example.org,Christopherbury,SK,2025-05-03
255,Jacqueline Villegas,carpenterwilliam@example.net,Jonesshire,BH,2025-05-20
256,Bianca Carter,sara65@example.com,Nelsonland,FR,2024-09-30
257,Lauren Moore,shannonedwards@example.org,Tamiborough,PG,2025-02-11
258,Samuel Davis,margaret90@example.org,Eddiebury,MK,2025-04-20
259,Megan Green,anthonysullivan@example.com,North Steven,CU,2024-09-19
260,Ronald Haas,jamesmorales@example.net,New Brendaland,AO,2024-08-06
261,Matthew Lamb,steinmaria@example.com,North Sheriton,DO,2026-06-04
262,Samantha Foster,reyesronald@example.com,East Joshua,PE,2026-05-04
263,Lucas Jensen,victor87@example.org,West Patrickchester,FR,2025-10-29
264,Kelly Mccoy,mayokimberly@example.com,Stephensfort,LY,2026-05-26
265,Erica Nelson,floresjeffery@example.com,Port Victoriahaven,MK,2026-02-02
266,Crystal Moore,dianeadams@example.net,Port Wendybury,TR,2026-04-05
267,Mrs. Taylor Frey,gregorywatkins@example.net,Robintown,MA,2025-12-13
268,Keith Thomas,marycochran@example.com,Gregoryton,BW,2024-07-30
269,Daniel Fox,riverachristina@example.org,Jennifermouth,BH,2024-07-04
270,Michael Thomas,mathismichelle@example.org,Janetfurt,TZ,2024-09-03
271,Frank Daugherty,fconner@example.net,Grantside,MD,2026-05-08
272,Rachel Walker,nicholasgross@example.com,East Jessica,ME,2025-09-04
273,Zachary Sanford,whitelucas@example.net,Lake Ariana,SB,2024-10-04
274,Blake Reed,gary15@example.com,West Jasonland,MG,2025-01-02
275,Michelle Williams,koconnor@example.com,Maciasstad,ST,2025-04-04
276,John Shields,franciscojones@example.org,Andrewview,CA,2024-08-13
277,Stephen Martin,paynerachael@example.org,Brookefort,MA,2024-07-11
278,Matthew Lawson,gmoore@example.com,East Robert,TG,2025-12-29
279,Kimberly Guerrero,john06@example.net,Hernandezstad,AD,2025-05-15
280,Rodney Weber,bgonzalez@example.org,Lake Kelly,BR,2025-06-19
281,Elizabeth Sanders,qjacobson@example.org,Lopezfurt,MN,2024-11-08
282,Dennis Marshall,maryelliott@example.org,North Elizabethside,NG,2026-01-25
283,Kristen Randall,rsheppard@example.com,South Kent,MY,2026-05-19
284,Amanda Duncan,davidtodd@example.org,East Lindsey,CN,2024-07-20
285,William Graham,maryscott@example.net,North Paulfurt,TG,2025-02-25
286,Kelly Stark,buchanancindy@example.net,Rodriguezberg,CY,2025-08-31
287,Olivia Ayers,hartcraig@example.com,Natalieview,MV,2025-11-07
288,Mr. Andrew Hill,christinebecker@example.com,South Pamelamouth,FM,2024-12-18
289,John Adams,andrew44@example.com,Garrisonville,GT,2024-09-29
290,Patrick Schroeder,joseph69@example.net,East Scottchester,SZ,2025-06-28
291,Sharon Nicholson,cameronmckinney@example.com,Port Melissa,TN,2024-07-09
292,Shaun Gonzalez,wrightstephen@example.com,West Micheal,PL,2025-07-14
293,Thomas Maldonado,nathanwheeler@example.org,Matthewsstad,LY,2024-10-22
294,Deanna Rivas,mitchellpaul@example.org,Port Jeffrey,GR,2025-11-25
295,Matthew Palmer,wellsdavid@example.org,East Johnnyport,LC,2025-12-19
296,Jessica Bennett,stephen37@example.com,Silvatown,SE,2025-11-13
297,Sara Hoffman,kenneth17@example.org,Vanessamouth,IS,2025-01-05
298,Tiffany Curtis,edwardcannon@example.org,Guerreroberg,WS,2024-07-06
299,Yolanda Green,vsullivan@example.org,West Jessica,GN,2025-12-02
300,Rachel Knox,william28@example.org,Connorberg,SZ,2025-01-03
301,Kristin Gaines,destiny35@example.org,Robertmouth,MR,2025-01-05
302,Julie Wilson,delacruzbrandy@example.net,South Pamelahaven,CL,2026-04-21
303,Kendra Gutierrez,derrickgonzalez@example.com,Thomasburgh,BR,2025-06-30
304,William Edwards,smithjoshua@example.org,South Kristen,BT,2024-09-25
305,Madeline Powell,creyes@example.net,Lake Nathan,AL,2026-05-10
306,Roy Lee,simsjohn@example.net,Larryville,MV,2025-07-12
307,Carol Colon,stacy78@example.net,Ryanberg,LV,2026-05-18
308,Paul Martin DVM,osmith@example.net,East Jessica,TZ,2025-07-13
309,Jacob Santos,brooksdanielle@example.net,New Virginiaville,TD,2026-03-28
310,Michael Butler,qmartinez@example.com,East Heather,ZM,2024-06-24
311,Matthew Bates,cindy26@example.org,West Danielville,SB,2024-11-18
312,Paula Decker,michaelortiz@example.org,New Tylerborough,FM,2026-06-11
313,Mr. Adam Davis,conleyelizabeth@example.org,Port Williamville,IE,2025-10-30
314,William Phillips,lwilliams@example.org,Michaelmouth,NP,2026-01-11
315,Samuel Zamora,christianelizabeth@example.org,Michaelmouth,VU,2025-01-11
316,Anna Briggs,danielross@example.com,Maryfort,NL,2025-11-02
317,Carol Anderson,jarvismegan@example.org,Pruittfort,TN,2025-11-25
318,Logan Maxwell,huffmannichole@example.net,South Samantha,CG,2026-05-07
319,Angel Green,alexander89@example.net,Lake Morgan,SI,2025-07-28
320,Lisa Reynolds,timothyalvarado@example.net,Hernandezside,VA,2024-07-29
321,Timothy Wagner,kchristian@example.org,Floresmouth,IT,2024-07-26
322,Krista Gray,christianwallace@example.net,Millerfort,PE,2025-02-17
323,Jonathan Valdez,powellbarry@example.net,Port Christopherport,SE,2025-08-27
324,Michael Clements,marcia37@example.com,Moranstad,VC,2025-06-03
325,Peter Walker,michael48@example.net,Jacquelineton,DM,2025-07-04
326,Mitchell Griffith,kingjames@example.org,Lewisborough,VC,2025-03-06
327,Jason House,bartonshannon@example.net,South Adam,LK,2024-07-24
328,Jessica Richards,heatherthompson@example.org,South Dianemouth,SD,2026-05-02
329,William Moon,joshuastuart@example.com,Ballardberg,NG,2025-09-27
330,Nicole Evans,jennifer83@example.org,New Jennifer,LA,2025-03-12
331,Brandi Page,williambenson@example.com,Port Michaelfort,TV,2025-09-03
332,Michelle Craig,natalie60@example.net,North Oscarton,SV,2024-07-30
333,Paul Martin,frances20@example.net,Jamesside,AU,2025-03-22
334,Ashley Parrish,juliahoffman@example.org,Heatherton,MU,2025-04-14
335,Richard Jennings,smithjohn@example.net,Greerstad,TW,2025-09-17
336,Lindsey Parsons,kellythompson@example.net,East Sydneyhaven,CL,2025-04-05
337,Douglas Baker,brandyscott@example.com,Mckinneyberg,BB,2024-10-14
338,Linda Ayala,tracy98@example.com,Port Jasminehaven,GN,2024-11-06
339,Rachel Moore,odavis@example.org,Markport,GM,2026-01-22
340,Karen Hoffman,wilsonmichael@example.org,North Felicia,LI,2025-04-09
341,Theresa Cruz,angel85@example.net,Tuckerport,CF,2024-11-13
342,Bradley Davis,simsjason@example.net,Port Gina,CA,2024-11-23
343,Michele Cherry,elucas@example.net,North Stephen,LS,2024-07-16
344,Anthony Bauer,andrewsjeremy@example.com,Hughesfurt,NR,2025-02-17
345,Michael Nichols,avilabrenda@example.net,West Sarahville,JP,2026-02-18
346,Lisa Campbell,qjames@example.org,Moorebury,CR,2026-01-18
347,Robert Gardner,kennetheaton@example.net,Susantown,TG,2026-04-27
348,Barbara Smith,fmedina@example.com,Lake Judith,RS,2025-03-11
349,Taylor York,eugenewalker@example.com,North Howard,TN,2026-04-09
350,Paul Branch,enewman@example.com,West Coreyshire,RU,2025-02-28
351,Michael Young,christine35@example.com,Murphyport,MD,2025-09-13
352,Keith Aguirre,ujackson@example.org,Lake Jodi,NZ,2025-01-17
353,Brandy Quinn,wford@example.com,Arnoldburgh,KH,2025-10-01
354,Douglas Serrano,josemercado@example.org,North Melissatown,TT,2025-09-09
355,Kevin Escobar,amy87@example.net,West Philip,TZ,2026-01-07
356,Brandi Mason,sanderswayne@example.net,Port Tamara,VE,2025-11-30
357,Jose Griffin,ashleyknight@example.org,Crosbyton,GN,2026-01-29
358,Arthur Wood Jr.,aprilmoody@example.com,Hardinton,BB,2025-11-02
359,Michael Boyd,mary49@example.net,South Desiree,MM,2025-09-16
360,Sara Black,okaufman@example.net,Gomezstad,RU,2026-02-22
361,Mr. Jonathan Taylor,jerryrobertson@example.com,East Jacob,ML,2025-09-27
362,Bailey Hall,jennifer77@example.com,New Evan,NG,2024-07-04
363,Carl Vargas,crystalwilliams@example.net,North Gabriel,EG,2025-07-23
364,Linda Elliott,johnsjessica@example.com,East Shanefort,RO,2024-10-27
365,Jason Thomas,cindydixon@example.org,Sandrashire,BJ,2024-12-12
366,Carlos Smith,mserrano@example.org,South Rachel,US,2024-07-17
367,Kim Goodwin,olsondavid@example.net,Port Erikachester,SK,2025-05-09
368,Andrew Moreno,shawnaolson@example.com,Briannashire,BZ,2025-05-13
369,John Hall,campbellnancy@example.com,Jacobtown,TR,2025-07-27
370,Adam Pena,robert12@example.com,Joseside,NO,2025-08-29
371,Donald Becker,robertbowers@example.com,West Angie,RO,2024-12-31
372,Laura Schroeder MD,melissahopkins@example.net,South Krista,DK,2024-09-02
373,James Morgan,martintamara@example.org,Port Dustinchester,BT,2024-08-05
374,Jacob Lynch,zarias@example.net,Jenniferton,EC,2025-10-27
375,Adam Jefferson DVM,james98@example.net,New Gavin,AZ,2025-03-23
376,Aaron Moore,kimberly56@example.com,New Alexis,MA,2024-08-09
377,Krista Barber,michael43@example.net,South Sarah,TR,2024-06-20
378,Jason Rodriguez,gordonmatthew@example.org,Nancyshire,ID,2025-12-08
379,James Webb,katherineali@example.com,Mosleytown,RO,2024-09-15
380,James Kramer,ericahall@example.com,Moseshaven,SO,2024-06-24
381,Deborah Mitchell,vnunez@example.org,South Lee,GM,2026-05-12
382,Catherine Reese,victorgonzalez@example.net,Port Joseph,GT,2024-11-21
383,Sara Kelly,wilsonchristian@example.net,Austinside,BB,2026-04-06
384,Mr. Johnathan Galloway,travis84@example.com,Port Barbara,BF,2025-07-30
385,Karen Fernandez,phillip27@example.org,Stewarttown,AL,2025-11-22
386,Kevin Nguyen,jacob43@example.com,Mullenmouth,MM,2024-11-06
387,Mr. Michael Watson PhD,shannon92@example.net,Port Cory,IR,2026-03-03
388,Jeffrey James,laurenrodgers@example.com,East Robertberg,ZM,2025-07-23
389,Emily Tucker,anna90@example.com,Lake Frankborough,IE,2025-06-22
390,Anne Garner,michael88@example.com,Andrewville,MG,2026-04-21
391,Lisa Ray,tiffanymitchell@example.com,Hamptonmouth,BR,2025-04-08
392,Julie Frye,daniellemcfarland@example.com,Sweeneyland,BR,2024-10-20
393,Erik Delgado,catherine64@example.com,Juliehaven,PG,2025-05-04
394,Scott Martinez,ebonyshepard@example.net,East Garrettville,BY,2024-08-05
395,Kara Brown,fwarren@example.org,Christineland,TD,2026-06-10
396,Ellen Wright,scott22@example.net,North Austin,MK,2026-04-16
397,Sharon Mcdonald,amy28@example.org,Welchshire,NZ,2025-07-28
398,Kimberly Stout,zfernandez@example.org,Parkerchester,IL,2024-10-15
399,Aaron Ochoa,mauriceharrison@example.org,Arroyofort,KG,2024-06-24
400,Rebecca Harper,kelleyjacob@example.net,Fosterburgh,VC,2026-01-10
401,Sandra Walker,hendersonjohn@example.net,Justinside,IQ,2025-05-03
402,Barry Taylor,walshchristine@example.com,Lopeztown,CZ,2024-07-25
403,Alison Compton,joseph70@example.org,East Alexisborough,LV,2025-05-09
404,Robert Bolton,cterry@example.com,Port Karenberg,BG,2025-01-09
405,Andrea Harrison,paulawright@example.com,North Theresabury,MV,2026-02-06
406,Danielle Vang,stevenwise@example.net,South Paul,KR,2026-06-14
407,Mark Williams,kingdanielle@example.org,Paigeborough,CG,2024-12-17
408,Erika Jackson,brenda63@example.org,New Kristenfort,FM,2025-09-23
409,Randy Wright,ndavis@example.com,North Michaelberg,ME,2025-08-07
410,Beth Hall,linda73@example.org,Howardberg,ID,2026-05-16
411,Michael Hansen,llopez@example.net,Mariomouth,IS,2026-04-21
412,Suzanne Spencer,schmidtshannon@example.com,Shawnhaven,MU,2026-01-07
413,Albert Vincent,malikbrown@example.net,Leefort,TG,2024-10-14
414,Erica Davidson,davisdonna@example.org,East Morgan,FR,2024-09-08
415,Mr. Kenneth Huff,sfox@example.net,Brandonbury,UZ,2025-12-26
416,Timothy Clark,fhebert@example.com,West Angelachester,MN,2026-02-23
417,Samantha Baker,navarromary@example.org,New Colton,RS,2024-12-13
418,Chelsey Fox,ashleymeza@example.net,Reeseshire,MK,2025-11-22
419,Maurice Andrade,laurapierce@example.net,Dianeside,US,2025-05-27
420,Stephanie Pierce,megan66@example.net,Charleneshire,ST,2024-11-30
421,Joshua Garner,suzanne76@example.org,West Caitlinhaven,CR,2026-05-09
422,Eric Walker,andrew48@example.net,North Benjamin,MK,2024-10-16
423,Jacob Perkins,jonathanevans@example.net,Carrollborough,ES,2024-08-15
424,Rebecca Thompson,larsonkevin@example.net,Millerton,LT,2025-03-14
425,Jessica Conrad,kanejeremy@example.net,Lake Kimberlyfurt,BF,2025-02-08
426,Emma Cunningham,wayne32@example.org,Maddoxshire,SD,2024-08-25
427,Dylan Foster,matthewalvarez@example.net,New Raymondland,MZ,2025-07-11
428,Michael Gill,fhansen@example.com,New Christina,LK,2025-07-29
429,Benjamin Frank,gail91@example.org,Hendersonstad,ET,2025-02-21
430,Matthew Carrillo,vanessajensen@example.com,South Brady,HT,2024-11-19
431,Brittney Chandler,rodriguezbrian@example.net,Port Marissa,JO,2024-06-27
432,Robert Torres,njohnson@example.net,East Amy,GB,2025-01-03
433,Lisa Gay,bennettrebecca@example.net,West Georgeport,FR,2026-02-19
434,Denise Marshall,jonesdonna@example.net,Michelletown,JP,2026-04-21
435,Jasmine Whitney,mckeetodd@example.net,East Jamesmouth,TJ,2026-06-06
436,Amanda Nielsen,matthew62@example.org,Gabriellestad,YE,2025-02-06
437,William Mason,garrettnatasha@example.org,Jeremiahmouth,MX,2025-11-09
438,Nicholas Meyer,robertberry@example.com,Reneemouth,PE,2025-08-12
439,Matthew Carpenter,michelleparker@example.net,South Wendy,CY,2025-11-08
440,Sylvia Stewart,whitemary@example.org,Port Lucaschester,NG,2025-02-07
441,Timothy Shannon,edwin31@example.org,North Kathryn,VA,2025-10-09
442,Keith Hall,jerryjohnson@example.org,Andersonfort,LC,2025-11-03
443,Samuel Henry,frankperez@example.com,West Stephaniebury,CH,2025-11-20
444,Norma Jones DVM,fcamacho@example.net,Michellebury,NP,2025-04-27
445,Lisa Holloway,phillip99@example.net,New Danielmouth,BB,2026-04-29
446,Kelly Foster PhD,oblack@example.org,West Scott,KI,2026-02-07
447,Julia Henderson,vaughnrebecca@example.com,Davishaven,CG,2024-11-03
448,Teresa Horton,phillipmorris@example.org,South Brittany,LC,2026-05-13
449,Jesse Wright,jennifermartinez@example.org,Waltersland,SL,2025-12-18
450,Richard Hunt,nicholasjames@example.org,Arianaberg,DK,2026-04-22
451,Randy Williams,kyle74@example.net,North Rachel,FR,2024-06-19
452,Dawn Ellis,astephens@example.net,Youngshire,KM,2025-06-21
453,Jeremy Burke,sanchezamy@example.net,North Jack,BG,2025-11-06
454,Charles Johnson,mark10@example.org,Chaneyburgh,GQ,2025-01-23
455,Melissa Larson,tammycurry@example.com,North Kaylamouth,MN,2026-05-15
456,Barry Simmons,carterdennis@example.net,Markchester,SL,2024-11-26
457,Lisa Rodriguez,webbhaley@example.net,Ronaldmouth,IL,2025-07-30
458,Lisa Ho,ostone@example.com,Mortonbury,KN,2025-01-28
459,April Johnson,mclaughlinjared@example.net,Gutierrezmouth,MG,2025-08-26
460,Christy Davidson,jonathan14@example.com,Katieville,LA,2025-03-02
461,Nathaniel Gilbert,collierjames@example.com,Hendrickston,KH,2024-09-30
462,Mr. Steven Herrera,steven60@example.net,Annettemouth,TH,2025-08-07
463,Kenneth Rivera,carl24@example.org,Tonyaside,DM,2025-09-03
464,Chelsea Wilson,janet50@example.com,Millerbury,MR,2025-06-03
465,Elizabeth Warren,danielglover@example.org,South Williamfort,SC,2024-10-14
466,Thomas Oconnor,kimberly21@example.net,East Jenny,PK,2025-04-14
467,Kelly Smith,mcdanielbrooke@example.org,Steventon,CA,2025-07-26
468,Nichole Johnson,danielle35@example.org,West Joshua,LB,2026-02-07
469,Bruce Hernandez,danny98@example.net,East Amyside,LB,2025-01-13
470,Michael Campbell,georgecollins@example.com,Williamstown,PW,2026-05-19
471,Ashley Brown,tmyers@example.net,Jensenport,LT,2026-03-13
472,Peter Lamb,beltrankatelyn@example.com,North Lisa,MC,2025-06-15
473,Eric Newman,oruiz@example.org,Robertafurt,EG,2025-12-12
474,Erin Valencia,shawn01@example.com,West Timothyburgh,JM,2026-02-03
475,Kenneth Romero,yroth@example.org,Angelaland,KI,2025-08-04
476,Kevin Allen,amydickson@example.com,West Jaredshire,NR,2026-02-16
477,Ms. Gloria Benson,elainemiller@example.net,Wilsonmouth,LR,2025-08-22
478,Jeremy Parker,gjones@example.net,Murphyton,BW,2024-12-03
479,Stacy Berger,shermandonna@example.com,Petershire,PE,2024-11-15
480,Shawn Evans,samantha65@example.org,New Valeriefurt,CN,2026-04-10
481,Jacob Dunn,smithann@example.com,Port Juliantown,GW,2025-05-18
482,Jennifer Flores,bsullivan@example.net,Lake Glenn,CU,2024-11-10
483,Sarah Ward,qmoore@example.org,North Charles,AM,2024-10-06
484,Katelyn Kim,christophermay@example.com,Englishchester,VU,2024-11-03
485,Jeff Wilkins,lkelly@example.com,New Tyronebury,LC,2025-07-11
486,Timothy Johnston,goodashley@example.net,Danielfort,FM,2024-08-18
487,Nicholas Terrell,steven18@example.net,East Thomasland,LA,2025-10-22
488,Lauren Austin,amanda07@example.com,Berrymouth,NL,2025-03-18
489,Rebecca Roberts,nealcarla@example.com,Bryanfort,TT,2024-10-26
490,Mary Carter,mitchellchristopher@example.net,Port Kristenview,CO,2025-10-08
491,Scott Smith,munozrenee@example.net,Lake Sean,EC,2025-01-05
492,Cynthia White,cooperchristopher@example.org,Port Tyler,NG,2026-02-05
493,Matthew Barber,jasonnavarro@example.com,Lake Josephville,BF,2024-10-25
494,John Alvarez,noahthornton@example.com,Dustinchester,AL,2025-01-27
495,Joan Gregory,davisamanda@example.com,Bishopview,LT,2025-01-12
496,Brett Pena,rmurray@example.net,Lake Emily,FI,2025-07-25
497,Michael White,chambersmarie@example.org,Davisville,LA,2025-05-29
498,Nicholas King,johnsonchristopher@example.net,New Danielle,KN,2024-09-18
499,Larry Bennett,pauladominguez@example.com,Stevenland,DZ,2025-06-04
500,Destiny Simmons,jonathan14@example.org,Priceton,IL,2026-03-10
